{
  "loss": 0.7683752477169037,
  "road_iou": 0.578590933915893,
  "mean_iou": 0.6857463534055696,
  "bottom_road_iou": 0.6097336471788559,
  "pixel_accuracy": 0.8387517514436141
}