{
  "loss": 0.6562428325414658,
  "road_iou": 0.5841300428257181,
  "mean_iou": 0.6923614070368824,
  "bottom_road_iou": 0.634441481078816,
  "pixel_accuracy": 0.844223685886549
}